id,firstName,lastName
100,Rozele,Winnick
101,Alleen,Malvino
102,Netty,Stav
103,Aurelie,Magnolia
104,Codie,Pearse
105,Jemie,Ingra
106,Cecile,Seessel
107,Kirbee,Lamoree
108,Cissiee,McNully
109,Corry,Mehalek
110,Nadine,Goode
111,Rochette,Aprile
112,Merle,Rudolph
113,Misha,Fiann
114,Abbie,Dimitris
115,Fina,Joli
116,Quintina,Mayeda
117,Tamqrah,Amethist
118,Stephanie,Stover
119,Olivette,Kristi
120,Shell,Leopold
121,Genovera,Cordi
122,Lily,Havens
123,Gilda,Tatianas
124,Aeriela,Hedve
125,Mamie,Astra
126,Belva,Even
127,Modestia,Phaidra
128,Peri,Sheng
129,Dennie,Gladstone
130,Shaylyn,Ellerey
131,Zondra,Holbrook
132,Rayna,Delila
133,Lisette,Kolnick
134,Nanete,Hoenack
135,Betta,Shaver
136,Myriam,Bahr
137,Olwen,Merna
138,Alie,Bord
139,Elbertina,Alwin
140,Stevana,Cutlerr
141,Jobi,Salvidor
142,Collen,Doig
143,Frances,Wind
144,Tatiania,Si
145,Codie,Gladstone
146,Georgina,Harl
147,Heida,Brandice
148,Kore,Rurik
149,Emilia,Markman
150,Courtnay,Drus
151,Mara,Olin
152,Gratia,Si
153,Betta,Germann
154,Amelia,Cookie
155,Fanny,Llovera
156,Sandie,Travax
157,Agathe,Wareing
158,Margette,Rheingold
159,Corly,Firmin
160,Carmela,Kimmie
161,Karina,Fulmer
162,Adelle,Clywd
163,Linzy,Virgin
164,Orsola,Salvidor
165,Elsie,Haldas
166,Dacia,McAdams
167,Maridel,Lea
168,Corene,Santoro
169,Dorice,Velick
170,Rosene,Clie
171,Nerta,Decato
172,Dolli,Anis
173,Cassondra,Harl
174,Jenilee,Oriana
175,Daryl,Keily
176,Marjie,Scammon
177,Marguerite,Maiah
178,Hope,Marsden
179,Fred,Curren
180,Cacilie,Munn
181,Etta,Honoria
182,Asia,Melony
183,Rochette,Toffic
184,Kathi,Goth
185,Sindee,Scammon
186,Ana,Adrienne
187,Aubrie,Delacourt
188,Bill,Kevon
189,Hannis,Rona
190,Ronna,Macey
191,Tilly,Dowski
192,Jeanna,Bronk
193,Tybie,LaRue
194,Lynde,Peg
195,Iseabal,Eliathas
196,Mariele,Corabella
197,Constance,Diogenes
198,Jaclyn,Yuille
199,Rivalee,Ricarda
200,Adelle,Kat
201,Ketti,Nea
202,Kial,Bevin
203,Keelia,Israeli
204,Ericka,Edee
205,Ginnie,Emmy
206,Gretal,Hanshaw
207,Karena,Serilda
208,Esmeralda,Payson
209,Kaja,Lattie
210,Deane,Loring
211,Cathyleen,Colp
212,Kylynn,Geffner
213,Maridel,Anderea
214,Vanessa,Bord
215,Quintina,McCutcheon
216,Elfreda,Rese
217,Chickie,Carri
218,Marsiella,Rese
219,Fanny,Eugenia
220,Lisette,Lalitta
221,Anica,Annabella
222,Chandra,Colyer
223,Nannie,Loring
224,Ketti,Maroney
225,Andree,Sinegold
226,Marcelline,Tatianas
227,Susette,Sprage
228,Sybille,Lareena
229,Fanny,Alarise
230,Chickie,Slifka
231,Anthia,Emmaline
232,Monika,Seessel
233,Heida,Brunell
234,Kamilah,Cleavland
235,Merrie,Frodi
236,Hettie,Himelman
237,Shirlee,Cyrie
238,Kristina,Nerita
239,Delilah,Croix
240,Marjie,Ax
241,Jorry,Wenoa
242,Giustina,Kermit
243,Nannie,Raimondo
244,Elena,Calhoun
245,Darlleen,Sheng
246,Grier,Willie
247,Hildegaard,Phyllis
248,Kore,Whiffen
249,Patricia,Isacco
250,Concettina,Ade
251,Gabriellia,Elephus
252,Melodie,Adamsen
253,Eugine,LaRue
254,Rori,Roarke
255,Andeee,Havens
256,Rosabelle,Sibyls
257,Elvira,Wareing
258,Linet,Mauer
259,Myriam,Myrilla
260,Liana,Gaynor
261,Deedee,Eben
262,Flory,Elephus
263,Katuscha,Azeria
264,Maud,Couture
265,Paule,Hurley
266,Jinny,Bultman
267,Agathe,Whittaker
268,Addia,Hathaway
269,Viviene,Trinetta
270,Corly,Pillsbury
271,Ida,My
272,Lusa,Vittoria
273,Kary,Holtz
274,Clary,Gower
275,Cindelyn,Laurianne
276,Willetta,Therine
277,Nanete,Dannye
278,Evaleen,Honoria
279,Viki,Bashemeth
280,Ezmeralda,Modie
281,Brianna,Klotz
282,Ileana,Lubin
283,Alia,Irmine
284,Lacie,Madelene
285,Sue,Sancho
286,Mary,Harned
287,Ashlee,Love
288,Doralynne,Maisey
289,Vinita,Roxanna
290,Karlee,Reneta
291,Lexine,Pacorro
292,Sandie,Lay
293,Betta,Dawkins
294,Ekaterina,Dorothy
295,Genovera,Gale
296,Marsiella,Iiette
297,Ebonee,Riordan
298,Nessie,Ahab
299,Kayla,Yoko
300,Sheree,Cristi
301,Karena,Skurnik
302,Lorenza,Euridice
303,Karly,Ries
304,Eve,Cyrie
305,Aimil,Xerxes
306,Ashlee,Urania
307,Livvyy,Kiyoshi
308,Tersina,Boycey
309,Jasmina,Torray
310,Dorothy,Codding
311,Zaria,Bow
312,Dotty,Hoban
313,Lauryn,Ade
314,Nessie,Pyle
315,Nadine,Toni
316,Georgina,Eben
317,Tera,Avi
318,Chastity,Moina
319,Ardenia,Bakerman
320,Gale,Harned
321,Randa,Korey
322,Jillayne,Weitman
323,Diena,Hilbert
324,Dorothy,Medrek
325,Rhoda,Leonard
326,Genovera,Wareing
327,Patricia,Sherrie
328,Noelle,Jena
329,Madelle,Amadas
330,Roberta,Carmena
331,Atlanta,Billye
332,Hannis,Oscar
333,Catharine,Margret
334,Minda,Alice
335,Florie,Hutchison
336,Yetty,Fax
337,Caressa,Mandler
338,Fredericka,Jena
339,Dode,Eben
340,Asia,Dyche
341,Juliane,Latini
342,Linet,Luhe
343,Minda,Lail
344,Petronia,Westphal
345,Joy,Melony
346,Gretal,Edison
347,Georgetta,Brunell
348,Addia,Sikorski
349,Bibby,Carri
350,Linet,Rodmann
351,Shaylyn,Toni
352,Thalia,Edmund
353,Joleen,Woodberry
354,Jaime,Jeanne
355,Cristabel,Chabot
356,Joy,Ball
357,Viki,Zaslow
358,Tami,Mauer
359,Jan,Hashim
360,Emylee,Emmy
361,Gusty,Felizio
362,Vivia,Camden
363,Constance,Judye
364,Ilse,Roarke
365,Karina,Alva
366,Elka,Vary
367,Correy,Deny
368,Kara-Lynn,Stav
369,Rosanne,Bluh
370,Johna,Demitria
371,Janeczka,Travax
372,Katuscha,Even
373,Orsola,Reneta
374,Codie,Pettiford
375,Sindee,Nerita
376,Lindie,Kauppi
377,Hannis,Joachim
378,Ira,Paine
379,Orsola,Breed
380,Joleen,Jeanne
381,Yetty,Mintz
382,Maye,Belldas
383,Beth,Shields
384,Nikki,Laverne
385,Gratia,Santoro
386,Tiffie,Hanleigh
387,Petronia,Vastah
388,Bee,Ioab
389,Hannis,Kathie
390,Lauryn,Pierette
391,Meg,Cherianne
392,Amii,Francene
393,Tami,Urania
394,Henriette,Pernick
395,Cyndie,Thunell
396,Konstance,Kelula
397,Jessamyn,Kiersten
398,Raina,Lunsford
399,Marylou,Syd
400,Flo,Gerge
401,Kimberley,Blase
402,Nariko,Terrence
403,Brooks,Ophelia
404,Bertine,Barney
405,Frieda,Iaverne
406,Sara-Ann,Chobot
407,Ericka,Lea
408,Dyann,Bartlett
409,Daphne,Thornburg
410,Bettine,Flita
411,Augustine,Jacinda
412,Ronna,Randene
413,Beth,Warthman
414,Gerianna,Pelagias
415,Siana,Susannah
416,Johna,Belanger
417,Bee,Lymann
418,Tybie,Shaddock
419,Marylou,Libna
420,Evita,Ardra
421,Alameda,Muriel
422,Sissy,Granoff
423,Fanchon,Tristram
424,Ketti,Garbe
425,Cissiee,Cordi
426,Keelia,Wu
427,Amalie,Jacqui
428,Alameda,Cath
429,Aimil,Rosalba
430,Amalie,Evvie
431,Shandie,Edmund
432,Nannie,Toni
433,Fayre,Fabiola
434,Ilse,Wesle
435,Karina,Bashemeth
436,Aaren,Sophronia
437,Leona,Slifka
438,Selma,Marcellus
439,Nikki,Carri
440,Chloris,McNully
441,Deane,Carey
442,Aeriela,Janene
443,Ileana,Natica
444,Annice,Delp
445,Silvana,Stephie
446,Tilly,Lattie
447,Caritta,Corrine
448,Tonia,Phi
449,Melanie,Thilda
450,Alisha,Sherfield
451,Gerianna,Casimir
452,Margette,Thad
453,Dotty,Kimmie
454,Lyssa,Jacinda
455,Nicoli,Breed
456,Gilda,Cookie
457,Demetris,Malanie
458,Marcelline,Daniele
459,Sabina,Malina
460,Emylee,Natica
461,Kerrin,Blisse
462,Robbi,Andrel
463,Kara-Lynn,Sprage
464,Shaine,Daveta
465,Sara-Ann,Damarra
466,Hyacinthe,Hunfredo
467,Gaylene,Forrer
468,June,Grimbly
469,Rosabelle,Ioab
470,Gwyneth,Jotham
471,Gwenneth,Giule
472,Margette,Hailee
473,Wendi,Dreda
474,Dianemarie,Wooster
475,Clary,Kiersten
476,Cissiee,Mott
477,Amara,Allys
478,Anallese,Junie
479,Doralynne,Alarise
480,Courtnay,Stav
481,Di,Autrey
482,Bettine,Hoban
483,Antonietta,Kelula
484,Zsa Zsa,Cadmar
485,Alia,Saree
486,Leontine,Chrystel
487,Leanna,Honoria
488,Jemie,Ricki
489,Meghann,Hull
490,Dania,Allare
491,Di,Rozanna
492,Lory,Killigrew
493,Quintina,Trace
494,Marinna,Johnsson
495,Perry,Ferrell
496,Barbi,Grosz
497,Genevra,Ajay
498,Marsiella,Couture
499,Ekaterina,Ummersen
500,Albertina,Muriel
501,Jany,Gaal
502,Karina,Kylander
503,Jean,McLaughlin
504,Linet,Ardra
505,Hannis,Stanwood
506,Emmey,Brieta
507,Elfreda,Zina
508,Rosene,Sasnett
509,Tybie,Goode
510,Gloria,Talia
511,Roz,Thema
512,Jinny,Strephon
513,Shaylyn,Keily
514,Basia,Greyson
515,Jere,Orelee
516,Merle,Greenwald
517,Brietta,Eckblad
518,Rosabelle,Pandolfi
519,Lexine,Kannry
520,Mignon,Gualtiero
521,Glynnis,Hanleigh
522,Kayla,Colbert
523,Aaren,Gualtiero
524,Pearline,Ioab
525,Fanny,Dash
526,Eugine,Masao
527,Laure,Hurley
528,Brianna,Tannie
529,Christal,Mandler
530,Frances,Raffo
531,Cyndie,Rodmann
532,Johna,Rubie
533,Nickie,Paine
534,Jan,Montgomery
535,Raina,Ahab
536,Ardeen,Leary
537,Marleah,Rhu
538,Kelly,Marisa
539,Lexine,Tybald
540,Odessa,Eiser
541,Sherrie,Morehouse
542,Melina,Erb
543,Marnia,Lymann
544,Amii,Anderea
545,Fredericka,Ailyn
546,Julieta,Fennessy
547,Joy,Ashely
548,Melina,Maribeth
549,Kittie,Sacken
550,Jenda,Giff
551,Dominga,Mich
552,Keelia,Bibi
553,Ada,Thornburg
554,Cassandra,Hathaway
555,Roxane,Fleeta
556,Jinny,Ferino
557,Perry,Chaing
558,Kial,Dom
559,Josephine,Francene
560,Renae,Evvie
561,Emmey,Gaulin
562,Siana,Roumell
563,Nadine,Koehler
564,Max,Corrine
565,Addia,Waldron
566,Monika,Bultman
567,Nessie,Burch
568,Aryn,Margret
569,Lusa,Chapland
570,Lita,Kazimir
571,Abbie,Flita
572,Vita,Ehrman
573,Chrystel,Presber
574,Frances,Lutero
575,Steffane,Imelida
576,Cissiee,Travax
577,Althea,Marisa
578,Lorenza,Winnick
579,Miquela,Krystle
580,Gaylene,Hachmin
581,Dede,Magnolia
582,Dominga,Tyson
583,Lindie,Emanuel
584,Fina,Brotherson
585,Bill,Selway
586,Deane,Munn
587,Betta,Milson
588,Gratia,Baptlsta
589,Rhoda,Wyn
590,Hope,Lareena
591,Lauryn,Helfand
592,Linzy,Pond
593,Helsa,Manolo
594,Ronna,Kenwood
595,Adriana,Obed
596,Minne,Genna
597,Jinny,Alva
598,Tomasina,Kellby
599,Ayn,Kussell
600,Lynea,Lynn
601,Asia,Solitta
602,Karly,Jotham
603,Shaine,Stav
604,Jackie,Suanne
605,Mahalia,Alabaster
606,Drucie,Taima
607,Cecile,Bultman
608,Christy,Charity
609,Cristabel,Hailee
610,Gale,Guthrie
611,Angelique,Colyer
612,Beverley,Sprage
613,Sean,Anderea
614,Heddie,Hieronymus
615,Cherilyn,Graig
616,Sandie,Dex
617,Ricky,Jess
618,Carree,Rosette
619,Katleen,Sadowski
620,Lelah,Wattenberg
621,Hettie,Ilka
622,Mathilda,Schwejda
623,Roberta,Pitt
624,Cassondra,Joli
625,Darci,Anyah
626,Roslyn,Roscoe
627,Linzy,Kat
628,Doralynne,Cyrie
629,Adore,Wiener
630,Lory,Lamoree
631,Marjie,Phi
632,Marinna,Sekofski
633,Anestassia,Japeth
634,Iseabal,Urias
635,Kathi,Rheingold
636,Shandie,Primalia
637,Pierette,Thornburg
638,Merrie,Charmine
639,Sonni,Dorine
640,Doro,Herrera
641,Paulita,Fennessy
642,Julieta,Obed
643,Rosene,Rocray
644,Bill,Croix
645,Bobbi,Hunfredo
646,Darlleen,Luhe
647,Sidoney,Meli
648,Stevana,Slifka
649,Xylina,Sabella
650,Sindee,Sasnett
651,Judy,Weinreb
652,Angela,Shaver
653,Kirstin,Swanhildas
654,Queenie,Bultman
655,Glynnis,Beebe
656,Kore,Borrell
657,Annora,Cleavland
658,Shauna,Lindemann
659,Emma,Standing
660,Millie,Louanna
661,Kathy,Harned
662,Kathy,Cordi
663,Oona,Eachern
664,Madeleine,Beebe
665,Abbie,Elvyn
666,Addia,Manolo
667,Lucille,Helfand
668,Lelah,Casimir
669,Mariele,Hieronymus
670,Ursulina,Lindemann
671,Mamie,Bobbee
672,Amalie,Frodi
673,Katharina,Buttaro
674,Cherilyn,Lail
675,Chrystel,Sholley
676,Concettina,Kannry
677,Ethel,Madelene
678,Desirae,Tengdin
679,Aurelie,Quinn
680,Concettina,Hanleigh
681,Ronna,Sawtelle
682,Vere,Bonucci
683,Ethel,Barney
684,Maurene,Colp
685,Merry,Hamil
686,Gilda,Susannah
687,Elena,Eckblad
688,Carmela,Argus
689,Bernardine,Sidonius
690,Dania,Emanuel
691,Alex,Nadia
692,Myrtice,Gaynor
693,Lauryn,Gilbertson
694,Allis,Hoban
695,Aurore,Erlandson
696,Marinna,Earlie
697,Merle,Pandolfi
698,Tatiania,Salvidor
699,Jsandye,Nadia
700,Alie,Sawtelle
701,Alia,Dielu
702,Gusty,Quinn
703,Chastity,Brittani
704,Bernardine,Ardra
705,Christy,Mata
706,Ginnie,Hollingsworth
707,Morganica,Eugenia
708,Gisela,Afton
709,Dagmar,Gibbeon
710,Tersina,Shields
711,Alleen,Korey
712,Stevana,Reneta
713,Marjie,Raul
714,Jasmina,Sikorski
715,Zsa Zsa,Gamaliel
716,Therine,Pascia
717,Winifred,Wu
718,Angelique,Lewes
719,Letizia,Orpah
720,Marylou,Saint
721,Cissiee,Weitman
722,Claresta,Whittaker
723,Lenna,Douglass
724,Almeta,Scammon
725,Anthia,Dahlia
726,Katleen,Colbert
727,Morganica,Eachern
728,Annecorinne,Stacy
729,Paola,Alva
730,Melina,Bach
731,Ann-Marie,Maryanne
732,Jerry,Karl
733,Annabela,Jehu
734,Aigneis,Plato
735,Hollie,Delacourt
736,Jessamyn,Loring
737,Jan,Fosque
738,Dawn,Hillel
739,Laurene,Chauncey
740,Lulita,Sasnett
741,Leona,Melony
742,Carly,Xerxes
743,Christian,Bultman
744,Leia,Flita
745,Sibella,Malvino
746,Emelina,Primalia
747,Melodie,Douglass
748,Fina,Burnside
749,Tobe,Harriman
750,Vere,Roche
751,Jemie,Waite
752,Annabela,Astra
753,Jobi,Zitvaa
754,Deane,Janene
755,Ketti,Oster
756,Gusella,Fillbert
757,Valli,Cecile
758,Modestia,Dudley
759,Regina,Moseley
760,Tressa,Jefferey
761,Abbie,Bendick
762,Mara,Elephus
763,Tilly,Melony
764,Miquela,Wilkinson
765,Krystle,Darian
766,Clary,Ellerey
767,Yetty,Nea
768,Dennie,Lynn
769,Gusty,Lia
770,Carmela,Strephon
771,Cordi,Chandler
772,Georgina,Si
773,Ileana,Nahum
774,Mariann,Vharat
775,Raina,Ricki
776,Marika,Callista
777,Elsie,Bennie
778,Cathie,Erlandson
779,Elbertina,Tound
780,Marjie,Roche
781,Ketti,Eben
782,Lexine,Charmine
783,Vinita,Audly
784,Corene,Paine
785,Vinita,Flita
786,Alex,Lattie
787,Anica,Sparhawk
788,Gerianna,Philoo
789,Alameda,Luhe
790,Cam,Boycey
791,Britte,Velick
792,Ruthe,Dash
793,Gerianna,Modie
794,Betta,Thornburg
795,Fayre,Vanni
796,Mahalia,Maribeth
797,Arabel,Holtz
798,Stephanie,Cookie
799,Madelle,Raimondo
800,Orelia,Zitvaa
801,Angelique,Lilas
802,Tomasina,Iiette
803,Carree,Edmund
804,Tobe,Shama
805,Kristan,Ahab
806,Lita,Elbertina
807,Gabi,Pauly
808,Liana,Chapland
809,Karlee,Persse
810,Raf,Carbo
811,Ileana,Land
812,Sashenka,Caitlin
813,Elena,Virgin
814,Nariko,Mata
815,Vinita,Garbe
816,Meghann,Solitta
817,Shirlee,Nedrud
818,Celene,Crudden
819,Loree,Stevy
820,Beverley,Lynn
821,Edyth,Jena
822,Danika,Tamar
823,Betta,Niccolo
824,Nollie,Corrine
825,Gusella,Anton
826,Ulrike,Romelda
827,Tiffie,Dawkins
828,Ada,Alcott
829,Melodie,Sheng
830,Leia,Scammon
831,Ericka,Andrel
832,Norine,Jacinda
833,Lila,Zachary
834,Ofilia,Faria
835,Wendi,Means
836,Rhea,Tamsky
837,Hermione,Tryck
838,Heddie,Nunci
839,Jennica,Tremayne
840,Meghann,Carleen
841,Gerrie,Kat
842,Correy,Kat
843,Renie,Prober
844,Iseabal,Daegal
845,Gilda,Manolo
846,Helena,Mata
847,Cristine,Magdalen
848,Dari,Sharl
849,Letizia,Jagir
850,Merci,Konyn
851,Sidoney,Tarrant
852,Ida,Winthorpe
853,Norine,Ummersen
854,Joelly,Cavan
855,Vivia,Wyn
856,Belinda,Casimir
857,Edith,Cavan
858,Nariko,Emmaline
859,Marleah,Oriana
860,Inga,Guthrie
861,Merci,Cottle
862,Raf,Chobot
863,Fred,Chesna
864,Lizzie,Stoller
865,Laurene,Parette
866,Jolyn,Uird
867,Lucille,Nerita
868,Celisse,Dichy
869,Sabina,Zola
870,Aubrie,Dunkin
871,Charissa,Zitvaa
872,Claresta,Pattin
873,Jaclyn,Hoenack
874,Jolyn,Lissi
875,Drucie,Capello
876,Dennie,Zitvaa
877,Myrtice,Delp
878,Ulrike,Means
879,Caryl,Gilbertson
880,Gianina,Dunkin
881,Yetty,Bates
882,Alejandra,Shuler
883,Emma,Lamoree
884,Darci,Brunell
885,Dotty,Elisha
886,Cacilie,Santoro
887,Nyssa,Sammons
888,Karina,Baptlsta
889,Kellen,Pitt
890,Anestassia,Medrek
891,Silvana,Phi
892,Susan,Pulsifer
893,Fredericka,Glovsky
894,Jorry,Lowry
895,Joceline,Jaylene
896,Nataline,Lail
897,Aili,Keelia
898,Olivette,Slifka
899,Madeleine,Catie
900,Margalo,Juliet
901,Ethel,Janene
902,Helsa,Rosette
903,Briney,Bultman
904,Nanete,Adamsen
905,Sindee,Jobi
906,Paulita,Malvino
907,Siana,Huggins
908,Concettina,Brotherson
909,Ashlee,Abernon
910,Silvana,Lanita
911,Maurene,Clie
912,Joceline,Standing
913,Rosaline,Old
914,Stephanie,Prouty
915,Calla,Stanwood
916,Lucy,Klemperer
917,Sandie,Forrer
918,Chrystel,Hieronymus
919,Sindee,Pulsifer
920,Dulcinea,Atcliffe
921,Atlanta,Garek
922,Nadine,Quent
923,Jillayne,Vorster
924,Verla,Franza
925,Jackie,Gemini
926,Melodie,Knowling
927,Ellette,Nedrud
928,Jerry,Emerson
929,Christy,Joeann
930,Jessy,Cassius
931,Brooks,Donell
932,Collen,Thomasina
933,Barbara,Vary
934,Mamie,Kristi
935,Raf,Greyson
936,Shaylyn,Bettine
937,Letizia,Lail
938,Deane,Engdahl
939,Gilligan,Larochelle
940,Chloris,Breed
941,Meriel,Gaulin
942,Halette,Kronfeld
943,Florie,Jenness
944,Nelle,Alarise
945,Fayre,Vary
946,Adore,Knowling
947,Agnese,Helfand
948,Celene,Calhoun
949,Theodora,Jeanne
950,Korrie,Sharl
951,Roxane,Thilda
952,Edee,Hutchison
953,Chickie,Cleo
954,Eadie,Carleen
955,Konstance,Ortrude
956,Cam,Estella
957,Elyssa,Taima
958,Amara,Flyn
959,Dotty,Ariella
960,Giustina,Destinee
961,Nyssa,Papageno
962,Alyssa,Merna
963,Devina,Wenoa
964,Sara-Ann,Cottle
965,Ivett,Jorgan
966,Marguerite,Poppy
967,Tilly,Presber
968,Jessamyn,Germann
969,Stephanie,Adlare
970,Rhea,Chobot
971,Aili,MacIntosh
972,Nicoli,Barney
973,Collen,Kravits
974,Sibella,Modie
975,Merle,Noman
976,Carlie,Phyllis
977,Lila,Sallyann
978,Sonni,Gunn
979,Debee,Drisko
980,Millie,Cutlerr
981,Sue,Kylander
982,Audrie,Chobot
983,Binny,Vorster
984,Liana,Wareing
985,Petronia,Wattenberg
986,Evaleen,Kirbee
987,Ivett,Verger
988,Gerianna,Christine
989,Ursulina,Jehu
990,Berget,Gunn
991,Candy,Malina
992,Kirbee,Milde
993,Elena,Alice
994,Nariko,Fulmer
995,Vita,Brian
996,Orsola,Gaspard
997,Nyssa,Pauly
998,Marita,Phi
999,Lilith,Harned
1000,June,Nikaniki
1001,Amara,Simmonds
1002,Rosabelle,Rillings
1003,Darci,Nicoline
1004,Marleah,Adore
1005,Patricia,Stacy
1006,Chloris,Gherardo
1007,Tori,Thornburg
1008,Janey,Trinetta
1009,Lizzie,Hailee
1010,Joy,Bennie
1011,Arabel,Grimbly
1012,Alie,Abbot
1013,Briney,Laverne
1014,Tamqrah,Pernick
1015,Cindelyn,Erb
1016,Alleen,Bergman
1017,Gisela,Bronk
1018,Sheelagh,Heidt
1019,Selia,Toffic
1020,Gaylene,Beebe
1021,Fina,Iiette
1022,Georgina,Deegan
1023,Dania,Helfand
1024,Chastity,Helfand
1025,Max,Oriana
1026,Brandise,Goerke
1027,Aaren,Khorma
1028,Renie,Kalinda
1029,Mureil,Melleta
1030,Jasmina,Valerio
1031,Josephine,Beebe
1032,Dulce,Huggins
1033,Tobe,Natica
1034,Emelina,Leary
1035,Ardeen,Idelia
1036,Tracey,Cassius
1037,Cyb,Schalles
1038,Zaria,Hortensia
1039,Rosene,Chaing
1040,Dorthy,Abernon
1041,Vonny,Seligman
1042,Debee,Garek
1043,Marcy,Raseda
1044,Keelia,Bigner
1045,Jenilee,Chauncey
1046,Agnese,Remmer
1047,Cathyleen,Arvo
1048,Mignon,Erminia
1049,Stephanie,Mozelle
1050,Karena,Lowry
1051,Amara,Argus
1052,Sean,Sophronia
1053,Mignon,Hanshaw
1054,Dale,Ashok
1055,Sibella,Shaver
1056,Sabina,Muriel
1057,Collen,Chauncey
1058,Addia,Munn
1059,Mureil,Revkah
1060,Kial,Clarissa
1061,Flory,Cecile
1062,Marsiella,Chandler
1063,Gilda,Faria
1064,Goldie,McGrody
1065,Diena,Alcott
1066,Marinna,Faro
1067,Robbi,Dimitris
1068,Anica,Longfellow
1069,Ketti,Chandler
1070,Lanna,Engdahl
1071,Maridel,Lemuela
1072,Fawne,Frodi
1073,Clarice,Maisey
1074,Anica,Ochs
1075,Renie,Raychel
1076,Brandise,Albertine
1077,Ingrid,Agle
1078,Theodora,Macey
1079,Celene,Trace
1080,Esmeralda,Zetta
1081,Averyl,Odell
1082,Clo,Jess
1083,Vere,Arvo
1084,Alex,O'Neill
1085,Cecile,Phi
1086,Riannon,Kolnick
1087,Jasmina,Stacy
1088,Gianina,Phaidra
1089,Adore,Donell
1090,Marti,Elbertina
1091,Amara,Weide
1092,Ardeen,Telfer
1093,Farrah,Pearse
1094,Tarra,Kolnick
1095,Karena,Wyn
1096,Myriam,Suk
1097,Sheree,Laurianne
1098,Hope,Warthman
1099,Melisent,Kirstin